[
    {
        "code": "NDLS",
        "name": "New Delhi",
        "city": "Delhi",
        "state": "Delhi"
    },
    {
        "code": "BCT",
        "name": "Mumbai Central",
        "city": "Mumbai",
        "state": "Maharashtra"
    },
    {
        "code": "HWH",
        "name": "Howrah Junction",
        "city": "Kolkata",
        "state": "West Bengal"
    },
    {
        "code": "MAS",
        "name": "Chennai Central",
        "city": "Chennai",
        "state": "Tamil Nadu"
    },
    {
        "code": "SBC",
        "name": "Bangalore City Junction",
        "city": "Bangalore",
        "state": "Karnataka"
    },
    {
        "code": "ADI",
        "name": "Ahmedabad Junction",
        "city": "Ahmedabad",
        "state": "Gujarat"
    },
    {
        "code": "PNBE",
        "name": "Patna Junction",
        "city": "Patna",
        "state": "Bihar"
    },
    {
        "code": "LKO",
        "name": "Lucknow Junction",
        "city": "Lucknow",
        "state": "Uttar Pradesh"
    },
    {
        "code": "JHS",
        "name": "Jhansi Junction",
        "city": "Jhansi",
        "state": "Uttar Pradesh"
    },
    {
        "code": "BPL",
        "name": "Bhopal Junction",
        "city": "Bhopal",
        "state": "Madhya Pradesh"
    },
    {
        "code": "JBP",
        "name": "Jabalpur Junction",
        "city": "Jabalpur",
        "state": "Madhya Pradesh"
    },
    {
        "code": "NGP",
        "name": "Nagpur Junction",
        "city": "Nagpur",
        "state": "Maharashtra"
    },
    {
        "code": "PUNE",
        "name": "Pune Junction",
        "city": "Pune",
        "state": "Maharashtra"
    },
    {
        "code": "HYB",
        "name": "Hyderabad Deccan",
        "city": "Hyderabad",
        "state": "Telangana"
    },
    {
        "code": "VSKP",
        "name": "Visakhapatnam Junction",
        "city": "Visakhapatnam",
        "state": "Andhra Pradesh"
    },
    {
        "code": "BZA",
        "name": "Vijayawada Junction",
        "city": "Vijayawada",
        "state": "Andhra Pradesh"
    },
    {
        "code": "GNT",
        "name": "Guntur Junction",
        "city": "Guntur",
        "state": "Andhra Pradesh"
    },
    {
        "code": "TEN",
        "name": "Tirunelveli Junction",
        "city": "Tirunelveli",
        "state": "Tamil Nadu"
    },
    {
        "code": "MDU",
        "name": "Madurai Junction",
        "city": "Madurai",
        "state": "Tamil Nadu"
    },
    {
        "code": "CBE",
        "name": "Coimbatore Junction",
        "city": "Coimbatore",
        "state": "Tamil Nadu"
    },
    {
        "code": "ERS",
        "name": "Ernakulam Junction",
        "city": "Kochi",
        "state": "Kerala"
    },
    {
        "code": "TVC",
        "name": "Thiruvananthapuram Central",
        "city": "Thiruvananthapuram",
        "state": "Kerala"
    },
    {
        "code": "MYS",
        "name": "Mysore Junction",
        "city": "Mysore",
        "state": "Karnataka"
    },
    {
        "code": "MNG",
        "name": "Mangalore Junction",
        "city": "Mangalore",
        "state": "Karnataka"
    },
    {
        "code": "GOA",
        "name": "Madgaon Junction",
        "city": "Goa",
        "state": "Goa"
    },
    {
        "code": "SUR",
        "name": "Surat Junction",
        "city": "Surat",
        "state": "Gujarat"
    },
    {
        "code": "VAPI",
        "name": "Vapi Junction",
        "city": "Vapi",
        "state": "Gujarat"
    },
    {
        "code": "VALSAD",
        "name": "Valsad Junction",
        "city": "Valsad",
        "state": "Gujarat"
    },
    {
        "code": "BRC",
        "name": "Vadodara Junction",
        "city": "Vadodara",
        "state": "Gujarat"
    },
    {
        "code": "ANND",
        "name": "Anand Junction",
        "city": "Anand",
        "state": "Gujarat"
    },
    {
        "code": "ND",
        "name": "Nadiad Junction",
        "city": "Nadiad",
        "state": "Gujarat"
    },
    {
        "code": "MAN",
        "name": "Maninagar",
        "city": "Ahmedabad",
        "state": "Gujarat"
    },
    {
        "code": "GDR",
        "name": "Gandhidham Junction",
        "city": "Gandhidham",
        "state": "Gujarat"
    },
    {
        "code": "BVI",
        "name": "Borivali",
        "city": "Mumbai",
        "state": "Maharashtra"
    },
    {
        "code": "DR",
        "name": "Dadar Central",
        "city": "Mumbai",
        "state": "Maharashtra"
    },
    {
        "code": "CSMT",
        "name": "Chhatrapati Shivaji Terminus",
        "city": "Mumbai",
        "state": "Maharashtra"
    },
    {
        "code": "TNA",
        "name": "Thane",
        "city": "Mumbai",
        "state": "Maharashtra"
    },
    {
        "code": "KYN",
        "name": "Kalyan Junction",
        "city": "Kalyan",
        "state": "Maharashtra"
    },
    {
        "code": "KJT",
        "name": "Karjat Junction",
        "city": "Karjat",
        "state": "Maharashtra"
    },
    {
        "code": "LNL",
        "name": "Lonavala",
        "city": "Lonavala",
        "state": "Maharashtra"
    },
    {
        "code": "KRD",
        "name": "Khandala",
        "city": "Khandala",
        "state": "Maharashtra"
    },
    {
        "code": "KOP",
        "name": "Kopargaon",
        "city": "Kopargaon",
        "state": "Maharashtra"
    },
    {
        "code": "MMR",
        "name": "Manmad Junction",
        "city": "Manmad",
        "state": "Maharashtra"
    },
    {
        "code": "BSL",
        "name": "Bhusaval Junction",
        "city": "Bhusaval",
        "state": "Maharashtra"
    },
    {
        "code": "KNW",
        "name": "Khandwa Junction",
        "city": "Khandwa",
        "state": "Madhya Pradesh"
    },
    {
        "code": "ET",
        "name": "Itarsi Junction",
        "city": "Itarsi",
        "state": "Madhya Pradesh"
    },
    {
        "code": "PCOI",
        "name": "Prayagraj Chheoki Junction",
        "city": "Prayagraj",
        "state": "Uttar Pradesh"
    },
    {
        "code": "PRYJ",
        "name": "Prayagraj Junction",
        "city": "Prayagraj",
        "state": "Uttar Pradesh"
    },
    {
        "code": "CNB",
        "name": "Kanpur Central",
        "city": "Kanpur",
        "state": "Uttar Pradesh"
    },
    {
        "code": "TDL",
        "name": "Tundla Junction",
        "city": "Tundla",
        "state": "Uttar Pradesh"
    },
    {
        "code": "AGC",
        "name": "Agra Cantonment",
        "city": "Agra",
        "state": "Uttar Pradesh"
    },
    {
        "code": "MTJ",
        "name": "Mathura Junction",
        "city": "Mathura",
        "state": "Uttar Pradesh"
    },
    {
        "code": "FDB",
        "name": "Faridabad",
        "city": "Faridabad",
        "state": "Haryana"
    },
    {
        "code": "NZM",
        "name": "Hazrat Nizamuddin",
        "city": "Delhi",
        "state": "Delhi"
    },
    {
        "code": "ANVT",
        "name": "Anand Vihar Terminal",
        "city": "Delhi",
        "state": "Delhi"
    },
    {
        "code": "DEE",
        "name": "Delhi Sarai Rohilla",
        "city": "Delhi",
        "state": "Delhi"
    },
    {
        "code": "DLI",
        "name": "Old Delhi Junction",
        "city": "Delhi",
        "state": "Delhi"
    },
    {
        "code": "GZB",
        "name": "Ghaziabad Junction",
        "city": "Ghaziabad",
        "state": "Uttar Pradesh"
    },
    {
        "code": "MTC",
        "name": "Meerut City Junction",
        "city": "Meerut",
        "state": "Uttar Pradesh"
    },
    {
        "code": "MUT",
        "name": "Meerut Cantt",
        "city": "Meerut",
        "state": "Uttar Pradesh"
    },
    {
        "code": "MOZ",
        "name": "Muzaffarnagar",
        "city": "Muzaffarnagar",
        "state": "Uttar Pradesh"
    },
    {
        "code": "SRE",
        "name": "Saharanpur Junction",
        "city": "Saharanpur",
        "state": "Uttar Pradesh"
    },
    {
        "code": "YJUD",
        "name": "Yamunanagar Jagadhri",
        "city": "Yamunanagar",
        "state": "Haryana"
    },
    {
        "code": "UMB",
        "name": "Ambala Cantt Junction",
        "city": "Ambala",
        "state": "Haryana"
    },
    {
        "code": "CDG",
        "name": "Chandigarh Junction",
        "city": "Chandigarh",
        "state": "Chandigarh"
    },
    {
        "code": "LDH",
        "name": "Ludhiana Junction",
        "city": "Ludhiana",
        "state": "Punjab"
    },
    {
        "code": "JUC",
        "name": "Jalandhar City",
        "city": "Jalandhar",
        "state": "Punjab"
    },
    {
        "code": "ASR",
        "name": "Amritsar Junction",
        "city": "Amritsar",
        "state": "Punjab"
    },
    {
        "code": "JAT",
        "name": "Jammu Tawi",
        "city": "Jammu",
        "state": "Jammu and Kashmir"
    }
] 